Sentence,Year
rodolphe rubattel a été approuvée p ar le groupe des paysans artisans et bourgeois l avis des indépendants le groupe des,1947
conformément aux prévisions les neuf conseillers sortants quatre adhérents du parti des paysans artisans et bourgeois deux radicaux et trois socialistes,1950
il reste donc pour le deuxième siège le candidat du parti des paysans artisans et indépendants m a charrière et un,1957
de m gafner récemment décédé aura lieu le janvier le parti des paysans artisans et bourgeois pab qui revendique ce siège,1957
conseil d eiat la fédération de l oberland du pab parti des paysans artisans et bourgeois a annoncé que m hans,1958
se partageraient le pouvoir dans le nouveau et le pab parti des paysans artisans et bourgeois qui occupe quatre sièges sur,1958
fritz moser notaire et administrateur de wangen candidat du pab parti des paysans artisans et bourgeois a été élu hier conseiller,1958
frappé à ce propos par un commentaire journalistique émanant du parti des paysans artisans et indépendants et où il est dit,1958
mm bauder radioal par voix brawand socialiste par voix buri parti des paysans artisans et bourgeois pab par voix giovanoli socialiste,1958
et le parti évangélique populaire m willy kohler candidat du parti bourgeois et soutenu par les radicaux a obtenu voix la,1958
radical le parti radical allemand le parti chrétien social le parti bourgeois pàb l alliance des indépendants et enfin les partis,1958
on constate qu avec le parti chrétien social et le parti bourgeois il a perdu des voix par rapport à tandis,1958
décide d accepter la convention du le parti suisse des paysans artisans et bourgeois p a b a tenu un congrès,1958
à la lettre de la direction du parti bernois des paysans artisans et bourgeois concernant son éventuelle candidature au conseil fédéral,1958
exactitude de l information il y a dix jours les paysans artisans et bourgeois pouvaient craindre que s ils présentaient m,1958
central et l assemblée des délégués du parti suisse des paysans artisans et bourgeois se sont réunis à berne jeudi sous,1959
conseil zuricois ces sièges se répartissent ainsi radicaux chrétiens sociaux paysans artisans et bourgeois socialistes démocrates parti évang populaire parti du,1959
plus forte délégation membres dans le conseil national sortant les paysans artisans et bourgeois disposaient de mandats les socialistes de les,1959
s appelle à bâle parti populaire catholique et communiste le parti bourgeois et artisan qui n avait obtenu aucun siège il,1959
une entente parti radical démocratique vaudois parti libéral démocratique vaudois parti dès paysans fim indépendants parti chrétien social vaudois i f,1959
qui se passe nous n avons pu atteindre personne du parti des paysans artisans et bourgeois qui était à l heure,1959
au scrutin a k i glaris résultats définitifs socialistes voix parti populaire bourgeois radi eaux démocrates conservateurs chrétiens sodaujc sont élus,1959
glaris radical par voix les socialistes obtiennent voix les radicaux parti populaire bourgeois le parti ouvrier démocrate et le parti conservateur,1959
la situation est assez confuse à bâle campagne où les paysans artisans et bourgeois enlèvent un siège zurich les suffrages de,1959
ville socialistes démocrates evangéliques chrétiens sociaux parti du travail indépendants paysans artisans et bourgeois la répartition des sièges est la suivante,1959
la campagne socialistes démocrates parti évangélique chrétiens sociaux communistes indépendants paysans artisans et bourgeois berne les différents partis ont recueilli les,1959
berne les différents partis ont recueilli les suffrages suivants radicaux parti des paysans artisans et bourgeois conservateurs chrétienssociaux socialistes alliance des,1959
là un de leurs seuls succès déception chez les libéraux artisans et bourgeois qui se voient frustrés des fruits de leur,1959
fédéral le groupe pab réserve sa décision le groupe des paysans artisans et bourgeois de l assemblée fédérale s est réuni,1959
de l heure aujourd hui comme en le groupe des paysans artisans et bourgeois est favorable à la participation des socialistes,1959
parti paysan vaudcïs dimanche après midi le parti vaudois des paysans artisans ef indépendants a tenu son congrès de printemps sous,1960
de cette vieille histoire dimanche un e assemblée oberlandaise du parti des paysans a invité catégoriquement la direction cantonale du parti,1960
de m tschumi la direction du parti cantonal bernois des paysans artisans et bourgeois s est réunie jeudi soir sous la,1960
ce qui suit la direction du parti cantonal bernois des paysans artisans et bourgeois constate avec satisfaction que la campagne des,1960
le congrès ce travail traditionnel du pa i suisse des paysans artisans et bourgeois s est tenu mardi et mercredi à,1960
le parti populaire catholique m albert zeindler architecte et le parti des paysans artisans et bourgeois m hans mader commissaires aux,1960
sommet voici deux ans c est à rome que le parti des paysans artisans et bourgeois s en fut chercher m,1961
le p ai favorable a l entente vaudoise le parti des paysans artisans indépendants vaudois a tenu son congrès au,1962
et fernand rollier agriculteur et syndic à nods pab le parti des paysans artisans et bourgeois présente candidats dont sortants le,1962
toutes circonstances groupes politiques et élections fédérales le groupe des paysans artisans et bourgeois de l assemblée fédérale a cidé lundi,1962
du conseil national depuis et préside le groupe parlementaire des paysans artisans et bourgeois il assume depuis le printemps dernier la,1962
décision éventuelle groupes politiques et élections fédérales le groupe des paysans artisans et bourgeois de l assemblée fédérale a cidé lundi,1962
du conseil national depuis et préside le groupe parlementaire des paysans artisans et bourgeois il assume depuis le printemps dernier la,1962
national depuis et depuis l automne président du groupe des paysans artisans et bourgeois de l assemblée fédérale pendant vingt ans,1962
sortant rudolf suter sortant werner schmid sortant sigmund widmer nouveau paysans artisans et bourgeois mm erwin akeret sortant heinrich brandli sortant,1963
en s agriculteur à roggwil haeuslcn thurgovie membre du groupe paysans artisans et bourgeois pab député au grand conseil qu il,1963
schaffhousois se compose de deux radicaux de deux représentants du parti des paysans artisans et bourgeois et d un socialiste aux,1964
p ab à la députation le part i jurassien des paysans artisans et bourgeois vient d e répondre à son tour,1964
de delémont le parti libéral radical le parti socialiste le parti des paysans artisans et bourgeois pab l association pour la,1964
commission parlementaire d enquête suspension des débais le groupe du parti des paysans artisans et bourgeois s est prononcé hier sur,1964
par les représentants des partis radical chrétien social national romand artisans et bourgeois le célèbre pab et indépendant a noter que,1964
rejette l accord le comité central du parti suisse des paysans artisans et bourgeois s est réuni à berne pour fixer,1964
la classe paysanne qui est à l origine du futur parti des paysans artisans et indépendants les dernières années de la,1965
parti socialiste plus encore le parti ouvrier populaire ou le parti des paysans artisans et indépendants sont par la force des,1965
la véritable impulsion à la création du parti bernois des paysans artisans et bourgeois pab les élections de les premières qui,1965
lui déplairait certes pas il représente l aile citadine du parti les bourgeois qui se plaignent volontiers d être sans cesse,1965
se plaignent volontiers d être sans cesse majorisés par les paysans et artisans à l intérieur du parti il y aura,1965
constitue incontestablement un précieux avantage pour le parti bernois des paysans artisans et bourgeois il est vraisemblablement trop tard maintenant pour,1965
agriculture le décembre m wahlen était nommé sur proposition du parti des paysans artisans et bourgeois conseiller fédéral en remplacement de,1965
gnaegi désigné par le groupe pab le groupe parlementaire du parti des paysans artisans et bourgeois a désigné hier soir m,1965
ans conseiller national et conseiller d etat bernois appartenant au parti des paysans artisans et bourgeois pab m gnaegi qui succède,1965
